grid_id,lon_min,lat_min,lon_max,lat_max,centroid_lon,centroid_lat,forest_cover,wetland_density,disturbance_index,low_disturbance,climate_resilience,biodiversity
CELL_0001,-109.50000000000183,49.00000000000124,-109.22972972973156,49.27027027027152,-109.36486486485208,49.13504996651688,0.9275522500610656,0.039827146662629,0.0,1.0,0.8047612179422738,0.3381275570799481
CELL_0002,-109.50000000000183,49.27027027027152,-109.22972972973156,49.54054054054178,-109.3648648648516,49.40531946892382,0.8452985785968734,0.0737819172197334,0.0992225625613997,0.9007774374386002,0.7388922730432727,0.3706333367060672
CELL_0003,-109.50000000000182,49.54054054054178,-109.22972972973156,49.81081081081206,-109.36486486485106,49.675588958246784,0.7653997885139372,0.1053608692257996,0.1946686259016615,0.8053313740983384,0.674436909867303,0.4008646838155001
CELL_0004,-109.5000000000018,49.81081081081204,-109.22972972973152,50.08108108108232,-109.36486486485056,49.94585843430377,0.5200153342369188,0.1335104866296511,0.4419114747184233,0.5580885252815766,0.4533257071667221,0.4278130402577943
CELL_0005,-109.5000000000018,50.08108108108231,-109.22972972973152,50.35135135135256,-109.36486486485003,50.21612789690738,0.6463312548180855,0.1558816565856908,0.3392133636342033,0.6607866363657966,0.5795469462865684,0.4492295395784569
CELL_0006,-109.5000000000018,50.35135135135253,-109.2297297297315,50.62162162162283,-109.3648648648495,50.486397345864425,0.6578333514819505,0.1695036381856186,0.3375851306909888,0.6624148693090112,0.5949376238411896,0.4622702147087341
CELL_0007,-109.50000000000178,50.62162162162283,-109.22972972973147,50.89189189189308,-109.36486486484895,50.75666678097593,0.7663389112049211,0.1715963672515004,0.2379512113828196,0.7620487886171804,0.6976012315831132,0.4642736383430751
CELL_0008,-109.50000000000178,50.891891891893074,-109.22972972973147,51.00000000000116,-109.36486486489368,50.94600763203158,0.8285468801025806,0.1658029841271253,0.176167376777925,0.823832623222075,0.7541073864595923,0.4587274829121643
CELL_0009,-109.22972972973156,49.00000000000127,-108.95945945946129,49.27027027027153,-109.09459459458186,49.13504996651704,0.923328882136116,0.0519858153766724,0.0120381393216651,0.9879618606783348,0.8048828574778162,0.3497673649561639
CELL_0010,-109.22972972973156,49.27027027027152,-108.95945945946129,49.5405405405418,-109.09459459458138,49.40531946892397,0.8483632717122076,0.0877163643049048,0.1056586710329189,0.8943413289670811,0.7464596755523726,0.3839731431229781
CELL_0011,-109.22972972973156,49.54054054054178,-108.95945945946129,49.81081081081208,-109.09459459458088,49.67558895824692,0.769994626799712,0.1216055181813847,0.2012201571965817,0.7987798428034183,0.6842193065668553,0.4164161062044649
CELL_0012,-109.22972972973156,49.81081081081206,-108.95945945946126,50.08108108108234,-109.09459459458036,49.945858434303936,0.5849312993947533,0.1524454071456372,0.3940917719024499,0.6059082280975501,0.520695177942094,0.4459399291582978
CELL_0013,-109.22972972973152,50.08108108108232,-108.95945945946126,50.35135135135259,-109.09459459457985,50.21612789690754,0.7424458156802014,0.1780867799105057,0.2645249142862646,0.7354750857137353,0.677332962994916,0.4704870781665421
CELL_0014,-109.22972972973152,50.35135135135256,-108.95945945946126,50.62162162162283,-109.09459459457932,50.486397345864575,0.770108846850508,0.194353717260238,0.2496126067717709,0.750387393228229,0.7087993861553471,0.4860598378114058
CELL_0015,-109.2297297297315,50.62162162162283,-108.95945945946124,50.89189189189308,-109.0945945945788,50.75666678097608,0.8041498142674695,0.1967605005232767,0.2195217268171662,0.7804782731828337,0.7415963710401489,0.4883639136473652
CELL_0016,-109.22972972973147,50.891891891893074,-108.95945945946124,51.00000000000116,-109.0945945946233,50.94600763203158,0.8533598159561375,0.1895143134444762,0.1688717090493435,0.8311282909506565,0.7853999753029166,0.4814269514341472
CELL_0017,-108.9594594594613,49.0000000000013,-108.689189189191,49.270270270271546,-108.82432432431168,49.13504996651717,0.864209741577068,0.0620072040672471,0.0737646491801645,0.9262353508198354,0.7527015032046078,0.3593610994146448
CELL_0018,-108.95945945946129,49.27027027027153,-108.689189189191,49.540540540541805,-108.82432432431118,49.40531946892413,0.8555240104506243,0.0993910313249228,0.1067744485438193,0.8932255514561807,0.7571158183436736,0.3951496036654753
CELL_0019,-108.95945945946129,49.5405405405418,-108.689189189191,49.81081081081208,-108.8243243243107,49.67558895824708,0.7774790023394791,0.1354523068939297,0.2034826789661374,0.7965173210338625,0.695910271092097,0.4296719949951858
CELL_0020,-108.95945945946129,49.81081081081207,-108.68918918919098,50.08108108108234,-108.82432432431015,49.9458584343041,0.5967916464228501,0.1692581309641239,0.3942571350252108,0.6057428649747891,0.5374958701473457,0.4620351842989392
CELL_0021,-108.95945945946126,50.08108108108232,-108.68918918919098,50.35135135135259,-108.82432432430966,50.21612789690768,0.6165823934441066,0.1987091718576616,0.3954640806594911,0.6045359193405089,0.566000109332145,0.4902294270912779
CELL_0022,-108.95945945946126,50.35135135135259,-108.68918918919096,50.62162162162285,-108.82432432430912,50.48639734586473,0.8241344602900369,0.2188297896994238,0.2156269660921703,0.7843730339078296,0.7677995643729454,0.509491414693454
CELL_0023,-108.95945945946126,50.62162162162283,-108.68918918919096,50.8918918918931,-108.82432432430862,50.75666678097623,0.852417212462219,0.2217932235203147,0.1912686365969056,0.8087313634030944,0.7953729764212182,0.5123283864985341
CELL_0024,-108.95945945946124,50.891891891893074,-108.68918918919096,51.000000000001165,-108.82432432435292,50.94600763203157,0.874354784114237,0.2123284467004929,0.164532804337126,0.835467195662874,0.8128031079483782,0.5032675109730138
CELL_0025,-108.68918918919104,49.0000000000013,-108.41891891892077,49.27027027027157,-108.55405405404149,49.135049966517336,0.8058210979502584,0.0695449781657626,0.1331552533444726,0.8668447466555274,0.7003710795519096,0.3665772054197124
CELL_0026,-108.68918918919104,49.270270270271546,-108.41891891892077,49.54054054054182,-108.55405405404098,49.40531946892428,0.8472347502375238,0.1083342515264998,0.1204546907972116,0.8795453092027884,0.7523351656674526,0.4037111795574819
CELL_0027,-108.68918918919104,49.540540540541805,-108.41891891892072,49.81081081081208,-108.5540540540405,49.675588958247225,0.7833845484218737,0.1463847744362122,0.2052723614479677,0.7947276385520322,0.7051372663201676,0.4401379287908945
CELL_0028,-108.689189189191,49.81081081081207,-108.41891891892072,50.081081081082345,-108.55405405403998,49.94585843430423,0.7052393134887901,0.1830145985985075,0.3024529450397669,0.6975470549602332,0.6440288005060923,0.4752046063866273
CELL_0029,-108.68918918919098,50.08108108108232,-108.41891891892072,50.351351351352605,-108.55405405403944,50.21612789690781,0.6003804140997364,0.2166581599237939,0.4225156677846783,0.5774843322153216,0.5568136702410366,0.5074124573699926
CELL_0030,-108.68918918919098,50.35135135135259,-108.4189189189207,50.621621621622864,-108.55405405403896,50.48639734586488,0.8052791093400591,0.2424519248628371,0.2489311944665418,0.7510688055334582,0.7580282936644523,0.532105495346096
CELL_0031,-108.68918918919096,50.62162162162285,-108.4189189189207,50.89189189189312,-108.55405405403842,50.75666678097635,0.8176842685970284,0.2465089557632111,0.2400854899270256,0.7599145100729744,0.7710498705193976,0.5359893959061698
CELL_0032,-108.68918918919096,50.8918918918931,-108.4189189189207,51.00000000000119,-108.55405405408251,50.94600763203156,0.823076644542044,0.2333174410921385,0.2262703281646784,0.7737296718353215,0.7716792617494377,0.5233608178949752
CELL_0033,-108.41891891892077,49.00000000000132,-108.1486486486505,49.27027027027157,-108.2837837837713,49.135049966517485,0.7494154814033551,0.0743499655591391,0.1888776115001556,0.8111223884998443,0.6489847313064585,0.3711771440661154
CELL_0034,-108.41891891892077,49.27027027027157,-108.14864864865048,49.54054054054184,-108.2837837837708,49.405319468924425,0.7984341105082915,0.1141011967933366,0.1697373921518586,0.8302626078481414,0.7084186051103297,0.4092320253439208
CELL_0035,-108.41891891892077,49.54054054054182,-108.14864864865048,49.8108108108121,-108.28378378377028,49.675588958247374,0.7602781895099173,0.1535950324349028,0.2315934340808259,0.7684065659191741,0.6858504303869074,0.4470404951669132
CELL_0036,-108.41891891892072,49.81081081081208,-108.14864864865046,50.08108108108236,-108.2837837837698,49.94585843430437,0.717879436309624,0.1925918128665687,0.2970685891555606,0.7029314108444393,0.6591281750934443,0.484373121187991
CELL_0037,-108.41891891892072,50.081081081082345,-108.14864864865046,50.351351351352605,-108.28378378376928,50.21612789690799,0.5707855354541389,0.2303197119039501,0.4591790366088827,0.5408209633911173,0.533599993789751,0.5204910142482048
CELL_0038,-108.41891891892072,50.351351351352605,-108.14864864865044,50.62162162162288,-108.28378378376875,50.486397345865015,0.7753043578783751,0.2635208285101925,0.2908864957229326,0.7091135042770673,0.7369495206433325,0.5522753014642992
CELL_0039,-108.4189189189207,50.621621621622864,-108.14864864865044,50.89189189189312,-108.2837837837682,50.75666678097652,0.7679911367981143,0.2701097206842474,0.3020884000110027,0.6979115999889973,0.7322940201058471,0.5585830182733376
CELL_0040,-108.4189189189207,50.89189189189312,-108.14864864865044,51.0000000000012,-108.28378378381213,50.94600763203156,0.7712703324293149,0.2501208195898673,0.2857092206357319,0.7142907793642681,0.7286510508293458,0.5394471265184673
CELL_0041,-108.14864864865052,49.00000000000132,-107.87837837838022,49.27027027027159,-108.0135135135011,49.13504996651764,0.7003546665617374,0.0764550534621546,0.235961322569261,0.7640386774307389,0.6035918298464991,0.3731923991347353
CELL_0042,-108.1486486486505,49.27027027027157,-107.87837837838022,49.54054054054187,-108.01351351350058,49.40531946892456,0.7601836037118026,0.1163922242646876,0.2068796304076584,0.7931203695923416,0.6732463951683529,0.4114252851680705
CELL_0043,-108.14864864865048,49.54054054054184,-107.87837837838022,49.81081081081213,-108.0135135135001,49.67558895824752,0.7009126524895418,0.1564960822881605,0.2888024700938522,0.7111975299061477,0.631042237278458,0.4498177451870772
CELL_0044,-108.14864864865048,49.8108108108121,-107.87837837838022,50.08108108108237,-108.0135135134996,49.94585843430453,0.6965831248201602,0.1965544450238005,0.3195392503231459,0.6804607496768541,0.6404496767769723,0.4881666513909333
CELL_0045,-108.14864864865046,50.08108108108236,-107.8783783783802,50.35135135135261,-108.01351351349908,50.21612789690811,0.5534593272095532,0.2365547018900773,0.4794680564991949,0.5205319435008051,0.5194165184041158,0.5264599313439412
CELL_0046,-108.14864864865046,50.351351351352605,-107.87837837838018,50.62162162162289,-108.01351351349858,50.48639734586517,0.6596726759604067,0.2763940503612813,0.4071328181596598,0.5928671818403402,0.6326242959434345,0.5645991695306696
CELL_0047,-108.14864864865044,50.62162162162288,-107.87837837838018,50.89189189189316,-108.01351351349804,50.75666678097665,0.676476522057283,0.3185900615146304,0.419617501569362,0.5803824984306379,0.6626092816450136,0.6049945018255904
CELL_0048,-108.14864864865044,50.89189189189312,-107.87837837838016,51.00000000000122,-108.01351351354174,50.94600763203157,0.6553640726390277,0.2615704419158999,0.4012621350288537,0.5987378649711463,0.6235889091757649,0.5504081459577354
CELL_0049,-107.87837837838023,49.00000000000132,-107.60810810810996,49.27027027027162,-107.74324324323088,49.13504996651777,0.6910272555194841,0.0801410337516779,0.2471033561017798,0.7528966438982202,0.5960671021799868,0.3767210833529356
CELL_0050,-107.87837837838022,49.27027027027159,-107.60810810810996,49.54054054054187,-107.7432432432304,49.40531946892472,0.7469147738163593,0.1201230013514132,0.2217213670512693,0.7782786329487307,0.662033097455151,0.4149968545182837
CELL_0051,-107.87837837838022,49.540540540541855,-107.60810810810996,49.81081081081213,-107.74324324322993,49.67558895824767,0.4978602394555703,0.1599687221167881,0.4801788142973761,0.5198211857026239,0.4414078346166719,0.4531421930669534
CELL_0052,-107.87837837838022,49.81081081081213,-107.60810810810996,50.08108108108238,-107.7432432432294,49.94585843430467,0.5888336204029637,0.1995635714982025,0.4218704467308433,0.5781295532691567,0.5402127949890849,0.4910473659544297
CELL_0053,-107.87837837838022,50.08108108108237,-107.60810810810992,50.35135135135263,-107.74324324322892,50.21612789690825,0.0,0.2384974922073408,0.9960869106091418,0.0039130893908582,0.0,0.5283198147381322
CELL_0054,-107.8783783783802,50.35135135135261,-107.60810810810992,50.62162162162289,-107.7432432432284,50.4863973458653,0.4783203972756205,0.2775214781624784,0.5767407835094676,0.4232592164905324,0.4625919583455397,0.5656784853101251
CELL_0055,-107.87837837838018,50.62162162162289,-107.6081081081099,50.89189189189316,-107.74324324322788,50.7566667809768,0.8150643378209601,0.3481101295850325,0.3102590123763029,0.6897409876236971,0.8027669881511216,0.6332548261187774
CELL_0056,-107.87837837838018,50.891891891893145,-107.6081081081099,51.00000000000122,-107.74324324327134,50.94600763203156,0.7780925879014907,0.2606950947856808,0.2864065639481117,0.7135934360518883,0.7386189547835389,0.5495701535211966
CELL_0057,-107.60810810810996,49.00000000000134,-107.33783783783969,49.27027027027162,-107.47297297296068,49.135049966517926,0.7328368400831666,0.080810233127489,0.208620760014289,0.7913792399857109,0.6355795075927435,0.3773617252150112
CELL_0058,-107.60810810810996,49.27027027027162,-107.33783783783966,49.54054054054187,-107.4729729729602,49.40531946892486,0.7465136732724713,0.1209362538125005,0.2226369983944596,0.7773630016055404,0.6619297756062424,0.4157754021228402
CELL_0059,-107.60810810810996,49.540540540541855,-107.33783783783966,49.81081081081216,-107.47297297295972,49.675588958247815,0.5528942231459054,0.1610080967142887,0.4296298190745402,0.5703701809254598,0.4934713621970351,0.4541372132382286
CELL_0060,-107.60810810810996,49.81081081081213,-107.33783783783966,50.08108108108239,-107.4729729729592,49.94585843430482,0.7048786617216172,0.2010088667687381,0.3147849251692008,0.6852150748307991,0.649743241388924,0.4924309844795407
CELL_0061,-107.60810810810996,50.08108108108238,-107.33783783783966,50.35135135135264,-107.47297297295871,50.21612789690839,0.708312825172,0.2409385485372567,0.3382071778154053,0.6617928221845947,0.6664027131726534,0.5306567010670132
CELL_0062,-107.60810810810992,50.35135135135263,-107.33783783783966,50.6216216216229,-107.4729729729582,50.486397345865456,0.5813053172099364,0.2833758362989999,0.4847548614907428,0.5152451385092571,0.5613334022421652,0.5712830136964413
CELL_0063,-107.60810810810992,50.62162162162289,-107.33783783783964,50.89189189189317,-107.47297297295768,50.756666780976936,0.8764298027973768,0.3804516030959953,0.2746828673992702,0.7253171326007297,0.8713101659188441,0.6642161547769491
CELL_0064,-107.6081081081099,50.891891891893145,-107.33783783783964,51.00000000000124,-107.47297297300092,50.94600763203157,0.8376255101718787,0.2645377612822072,0.2335374871300002,0.7664625128699998,0.7958530449956354,0.5532488374958885
CELL_0065,-107.33783783783969,49.00000000000136,-107.06756756756944,49.27027027027163,-107.2027027026905,49.13504996651806,0.7876808305669295,0.0785829416268812,0.1560708892712808,0.8439291107287191,0.6863655859554855,0.3752294814833056
CELL_0066,-107.33783783783969,49.27027027027162,-107.06756756756944,49.54054054054188,-107.20270270269002,49.40531946892501,0.7416385113486117,0.1182619539713172,0.2253933746740027,0.7746066253259972,0.6564490799188977,0.4132152257509967
CELL_0067,-107.33783783783969,49.54054054054187,-107.0675675675694,49.81081081081216,-107.20270270268952,49.67558895824795,0.5548068458679424,0.157637119483345,0.425601665917996,0.574398334082004,0.4941345910807314,0.450910089591216
CELL_0068,-107.33783783783969,49.81081081081216,-107.0675675675694,50.08108108108242,-107.20270270268904,49.94585843430497,0.7307816697355538,0.1964076773529906,0.2875992833307697,0.7124007166692303,0.6725357092589258,0.4880261469055454
CELL_0069,-107.33783783783966,50.08108108108239,-107.0675675675694,50.35135135135267,-107.20270270268853,50.21612789690855,0.7263656682932667,0.2335776583023361,0.3164909910701603,0.6835090089298397,0.6808902299984892,0.5236099305572264
CELL_0070,-107.33783783783966,50.35135135135264,-107.0675675675694,50.6216216216229,-107.20270270268804,50.4863973458656,0.5758739990037701,0.2706945099156043,0.4813577215263002,0.5186422784736998,0.5519637032699397,0.559142852122023
CELL_0071,-107.33783783783966,50.6216216216229,-107.06756756756938,50.89189189189317,-107.20270270268752,50.75666678097709,0.9233068677726568,0.4092760664232757,0.2502521375009776,0.7497478624990224,0.925055869280926,0.6918105586673233
CELL_0072,-107.33783783783964,50.89189189189317,-107.06756756756938,51.00000000000126,-107.20270270273056,50.94600763203157,0.9068195905907136,0.2786024453990666,0.1784876248537675,0.8215123751462325,0.8656041750443803,0.5667133231900188
CELL_0073,-107.06756756756944,49.00000000000134,-106.79729729729918,49.270270270271645,-106.93243243242031,49.13504996651822,0.7715631542465564,0.0734735658407143,0.1676717396358555,0.8323282603641444,0.6695014492691914,0.3703381439596768
CELL_0074,-107.06756756756944,49.27027027027163,-106.79729729729917,49.54054054054189,-106.93243243241984,49.40531946892516,0.7413642519691455,0.1121100976630889,0.2215474988942556,0.7784525011057444,0.6541218600190932,0.4073258946742187
CELL_0075,-107.06756756756944,49.54054054054188,-106.79729729729917,49.81081081081216,-106.93243243241936,49.675588958248085,0.5512085583525057,0.1499123968831156,0.4238022012799415,0.5761977987200585,0.4881547581763613,0.4435150129526133
CELL_0076,-107.0675675675694,49.81081081081216,-106.79729729729917,50.08108108108244,-106.93243243241886,49.94585843430509,0.7439488385057018,0.1866841213367528,0.2688570169819521,0.7311429830180479,0.6816374869614358,0.4787175353655415
CELL_0077,-107.0675675675694,50.08108108108242,-106.79729729729917,50.35135135135267,-106.93243243241837,50.216127896908695,0.744390419817935,0.224728071126223,0.2938084956653416,0.7061915043346584,0.6948505470542522,0.5151379919810232
CELL_0078,-107.0675675675694,50.35135135135267,-106.79729729729912,50.62162162162296,-106.93243243241784,50.48639734586576,0.569219300377479,0.2636733099753306,0.4828730835738082,0.5171269164261918,0.5433485147683418,0.5524212759127058
CELL_0079,-107.0675675675694,50.6216216216229,-106.79729729729912,50.89189189189319,-106.93243243241731,50.756666780977234,0.9095312641192268,0.3939822206248975,0.2528826471438603,0.7471173528561397,0.9069664204937996,0.677169364720162
CELL_0080,-107.06756756756938,50.89189189189317,-106.79729729729912,51.00000000000126,-106.93243243246016,50.94600763203155,1.0,0.417830563643163,0.1845464815756244,0.8154535184243755,1.0,0.7000000000000001
CELL_0081,-106.7972972972992,49.00000000000134,-106.5270270270289,49.27027027027166,-106.66216216215012,49.13504996651835,0.719393849238016,0.0655998677694595,0.2109972288919331,0.7890027711080668,0.6178306887704181,0.3628004492514658
CELL_0082,-106.79729729729918,49.270270270271645,-106.5270270270289,49.54054054054191,-106.66216216214964,49.405319468925306,0.7502799731503895,0.1027480743846194,0.2070047594070405,0.7929952405929594,0.6593502935237654,0.398363387770138
CELL_0083,-106.79729729729917,49.54054054054189,-106.5270270270289,49.81081081081216,-106.66216216214916,49.67558895824825,0.5664504781509148,0.1410317216818169,0.4036900634852289,0.596309936514771,0.4994896688265038,0.4350133130062369
CELL_0084,-106.79729729729917,49.81081081081216,-106.52702702702888,50.08108108108244,-106.66216216214866,49.94585843430524,0.7517594916221897,0.179624153974523,0.256877905683746,0.743122094316254,0.6866019389663046,0.4719588461010011
CELL_0085,-106.79729729729917,50.08108108108242,-106.52702702702888,50.35135135135267,-106.66216216214818,50.21612789690883,0.7692450347913196,0.2167716717621513,0.2653622015619764,0.7346377984380237,0.7155291651922772,0.5075211251872703
CELL_0086,-106.79729729729917,50.35135135135267,-106.52702702702886,50.62162162162296,-106.66216216214764,50.48639734586588,0.5739440697748719,0.2508209271362007,0.4699056153586364,0.5300943846413635,0.5434646601451101,0.5401173575711973
CELL_0087,-106.79729729729912,50.62162162162296,-106.52702702702884,50.89189189189319,-106.66216216214715,50.756666780977376,0.8326696851894518,0.2732569642350378,0.2439646369747392,0.7560353630252608,0.7941293669569157,0.5615959558845539
CELL_0088,-106.79729729729912,50.89189189189319,-106.52702702702884,51.00000000000128,-106.66216216218974,50.94600763203156,0.908996951745952,0.2826332808254607,0.1791475166228847,0.8208524833771152,0.869006166979456,0.5705721461456669
CELL_0089,-106.52702702702892,49.00000000000139,-106.25675675675863,49.27027027027166,-106.39189189187994,49.135049966518494,0.5836422200619582,0.0567833724186523,0.3315173384499715,0.6684826615500286,0.4873028213407376,0.3543601903350916
CELL_0090,-106.52702702702892,49.27027027027166,-106.25675675675863,49.540540540541926,-106.39189189187944,49.405319468925455,0.7327594929581981,0.0953213817132653,0.2183668766554463,0.7816331233445537,0.6403884281485581,0.391253622886881
CELL_0091,-106.52702702702892,49.54054054054191,-106.25675675675863,49.81081081081219,-106.39189189187896,49.6755889582484,0.547727094571055,0.1330603488889766,0.4158090789567253,0.5841909210432747,0.4792142368416736,0.4273821117620425
CELL_0092,-106.5270270270289,49.81081081081216,-106.25675675675862,50.08108108108244,-106.39189189187849,49.9458584343054,0.7434427606684709,0.1694826709269115,0.2578605903291661,0.7421394096708339,0.6753753114626299,0.4622501422099448
CELL_0093,-106.52702702702888,50.08108108108242,-106.2567567567586,50.3513513513527,-106.39189189187798,50.21612789690897,0.7489166646837863,0.2036459074559265,0.2755393522555582,0.7244606477444417,0.6920116173026939,0.4949554917000709
CELL_0094,-106.52702702702888,50.35135135135267,-106.2567567567586,50.62162162162296,-106.39189189187748,50.48639734586602,0.5501188648565879,0.23204618593779,0.4795726696979476,0.5204273303020523,0.514760899751629,0.5221438124722373
CELL_0095,-106.52702702702886,50.62162162162295,-106.2567567567586,50.89189189189323,-106.39189189187697,50.756666780977525,0.8162293596279377,0.2692647722578905,0.2566106939018502,0.7433893060981498,0.7773378704678304,0.5577741273018494
CELL_0096,-106.52702702702884,50.89189189189319,-106.25675675675858,51.00000000000129,-106.39189189191936,50.94600763203155,0.9140583824489208,0.3384648372779348,0.2116558773377747,0.7883441226622252,0.8925441824037627,0.6240211384507445
CELL_0097,-106.25675675675863,49.00000000000141,-105.98648648648836,49.27027027027169,-106.12162162160972,49.13504996651865,0.5825150910714958,0.0487564614753575,0.3272155295681136,0.6727844704318864,0.4835434090043772,0.3466758209837389
CELL_0098,-106.25675675675863,49.27027027027166,-105.98648648648836,49.54054054054193,-106.12162162160924,49.4053194689256,0.5909298256469634,0.0859050786287639,0.3441463502316491,0.6558536497683509,0.5039474227158092,0.3822391525212874
CELL_0099,-106.25675675675863,49.540540540541926,-105.98648648648836,49.81081081081221,-106.12162162160878,49.67558895824853,0.3773718455520353,0.1219765291687783,0.5670369243814638,0.4329630756185362,0.3154075904150047,0.4167712846137786
CELL_0100,-106.25675675675863,49.81081081081219,-105.98648648648836,50.08108108108246,-106.12162162160828,49.94585843430552,0.5818300358521404,0.1561256750238435,0.3994328573114578,0.6005671426885422,0.519019063352275,0.4494631447374715
CELL_0101,-106.25675675675862,50.08108108108244,-105.98648648648836,50.3513513513527,-106.1216216216078,50.21612789690912,0.7176579547203565,0.1863900852653952,0.293140324667869,0.706859675332131,0.6568337721122314,0.4784360470332436
CELL_0102,-106.2567567567586,50.3513513513527,-105.98648648648832,50.62162162162296,-106.12162162160728,50.486397345866166,0.5269165807575636,0.2232822425716932,0.4953335902940325,0.5046664097059674,0.490010148065803,0.5137538629293585
CELL_0103,-106.2567567567586,50.62162162162295,-105.98648648648832,50.89189189189323,-106.12162162160678,50.75666678097765,0.7946000371606965,0.2573690648956099,0.2688191938491835,0.7311808061508165,0.7530116499177839,0.5463860591255445
CELL_0104,-106.2567567567586,50.8918918918932,-105.98648648648832,51.00000000000129,-106.121621621649,50.94600763203155,0.8008450429465115,0.2710584642212483,0.2721307613457351,0.7278692386542649,0.7634850673864833,0.5594912749874741
CELL_0105,-105.98648648648836,49.00000000000141,-105.7162162162181,49.27027027027169,-105.85135135133952,49.13504996651877,0.5813546377267723,0.0384124737962178,0.321400031028982,0.678599968971018,0.478973209944797,0.3367732541739316
CELL_0106,-105.98648648648836,49.27027027027169,-105.7162162162181,49.54054054054195,-105.85135135133906,49.405319468925725,0.65775484276635,0.0742719314547594,0.2741704253398929,0.7258295746601071,0.562827570070761,0.371102440000717
CELL_0107,-105.98648648648836,49.54054054054193,-105.71621621621809,49.81081081081222,-105.8513513513386,49.67558895824867,0.6534190615180742,0.1084257015922116,0.3009766331848338,0.6990233668151662,0.5702428075244128,0.4037987270694824
CELL_0108,-105.98648648648836,49.81081081081221,-105.71621621621809,50.08108108108246,-105.8513513513381,49.94585843430568,0.5275332645147562,0.1397645508663836,0.4390809374947483,0.5609190625052517,0.4624939828912263,0.4338002176267275
CELL_0109,-105.98648648648836,50.081081081082445,-105.71621621621809,50.351351351352726,-105.8513513513376,50.21612789690924,0.6776494167069844,0.1762637839762402,0.3236412392498713,0.6763587607501287,0.6158323568438709,0.4687418770320244
CELL_0110,-105.98648648648836,50.3513513513527,-105.71621621621806,50.621621621622985,-105.85135135133712,50.4863973458663,0.497068430762823,0.2104121968065805,0.5145450471800356,0.4854549528199644,0.4576331568192716,0.5014330354121987
CELL_0111,-105.98648648648832,50.62162162162296,-105.71621621621806,50.891891891893245,-105.8513513513366,50.7566667809778,0.7387447584275537,0.2372026410425167,0.3073815272747479,0.6926184727252521,0.6937419679141376,0.5270802202445806
CELL_0112,-105.98648648648832,50.8918918918932,-105.71621621621806,51.00000000000131,-105.85135135137858,50.94600763203155,0.6677850755813771,0.2460349097388329,0.379339969781972,0.620660030218028,0.6300343667107474,0.5355355793923706
CELL_0113,-105.71621621621811,49.00000000000143,-105.44594594594784,49.270270270271695,-105.58108108106931,49.13504996651892,0.6977679734923827,0.0264077785493723,0.2050049317060139,0.794995068293986,0.5843251080697107,0.3252808490782644
CELL_0114,-105.7162162162181,49.27027027027169,-105.44594594594784,49.54054054054196,-105.58108108106885,49.40531946892586,0.7020295127888615,0.0605797844306584,0.2238183675771425,0.7761816324228574,0.5998251391058447,0.3579945936960178
CELL_0115,-105.7162162162181,49.54054054054195,-105.4459459459478,49.81081081081222,-105.58108108106842,49.6755889582488,0.6949223546298984,0.0925935115042138,0.2517782974755984,0.7482217025244016,0.6039162740218348,0.3886421622170185
CELL_0116,-105.71621621621809,49.81081081081221,-105.4459459459478,50.08108108108249,-105.58108108106792,49.945858434305805,0.5461207225595912,0.1288905695219931,0.4145249122945636,0.5854750877054364,0.4763020460287647,0.4233902741801997
CELL_0117,-105.71621621621809,50.081081081082445,-105.4459459459478,50.35135135135274,-105.5810810810674,50.21612789690939,0.5154572698877967,0.1630337208480629,0.4658376254811671,0.5341623745188329,0.4589743428937013,0.4560763955863195
CELL_0118,-105.71621621621809,50.351351351352726,-105.44594594594778,50.621621621623,-105.58108108106693,50.48639734586646,0.0969071145755716,0.1929847897223588,0.8755153006128806,0.1244846993871193,0.0757502420598861,0.4847493280909649
CELL_0119,-105.71621621621806,50.621621621622985,-105.44594594594778,50.891891891893245,-105.58108108106644,50.756666780977945,0.6217154743841325,0.2143412908153266,0.4011061031423329,0.5988938968576671,0.5760822201869529,0.505194458678594
CELL_0120,-105.71621621621806,50.891891891893245,-105.44594594594776,51.00000000000133,-105.58108108110818,50.94600763203155,0.6380992610225069,0.220893688008388,0.3902194928469344,0.6097805071530655,0.5936818506949839,0.5114672378988879
CELL_0121,-105.44594594594784,49.00000000000143,-105.17567567567755,49.27027027027171,-105.31081081079914,49.13504996651907,0.74513685155157,0.0125990243450059,0.1516941316848988,0.8483058683151012,0.6241909898377045,0.3120613717054608
CELL_0122,-105.44594594594784,49.270270270271695,-105.17567567567754,49.54054054054199,-105.31081081079869,49.40531946892602,0.74854593381811,0.0453942015391664,0.1703834009333831,0.8296165990666169,0.6384268210906289,0.3434570426283455
CELL_0123,-105.44594594594784,49.54054054054196,-105.17567567567754,49.81081081081221,-105.31081081079822,49.67558895824894,0.7342437731670253,0.081313303116296,0.2076461505075089,0.7923538494924911,0.6370707973435414,0.3778433271202625
CELL_0124,-105.4459459459478,49.81081081081221,-105.17567567567754,50.08108108108251,-105.31081081079772,49.94585843430594,0.6678674413420006,0.1154643642862406,0.2922162490656405,0.7077837509343594,0.5861873724015024,0.4105370208244027
CELL_0125,-105.4459459459478,50.08108108108249,-105.17567567567754,50.35135135135274,-105.31081081079724,50.21612789690954,0.6416667191123621,0.1466921442470462,0.3374301517262583,0.6625698482737417,0.5720724296836001,0.4404321818566865
CELL_0126,-105.4459459459478,50.35135135135273,-105.17567567567752,50.62162162162302,-105.31081081079674,50.48639734586658,0.600799235987725,0.17286072719165,0.392927415991544,0.6070725840084559,0.5424736147927082,0.4654840427990109
CELL_0127,-105.44594594594778,50.621621621623,-105.17567567567752,50.89189189189325,-105.31081081079624,50.75666678097808,0.5850395721690727,0.1905666843868244,0.419405144403403,0.580594855596597,0.5336210506535626,0.4824344133423162
CELL_0128,-105.44594594594778,50.891891891893245,-105.17567567567752,51.00000000000133,-105.31081081083776,50.94600763203156,0.7164067347721239,0.1957201602580662,0.300525380314159,0.699474619685841,0.6587967061754189,0.4873679690174276
CELL_0129,-105.17567567567758,49.00000000000146,-105.00000000000196,49.27027027027172,-105.08783783780656,49.13499556965708,0.7854003993002373,0.0,0.1058055615174154,0.8941944384825845,0.6577871510093467,0.3
CELL_0130,-105.17567567567755,49.27027027027171,-105.00000000000196,49.54054054054199,-105.0878378378062,49.40526537095168,0.7914345318995945,0.0357786833868466,0.1240396615284568,0.8759603384715432,0.6754933298177367,0.3342518585283794
CELL_0131,-105.17567567567755,49.540540540541976,-105.00000000000196,49.81081081081224,-105.08783783780584,49.67553516034483,0.761350377399506,0.0702619878831613,0.1750397613948126,0.8249602386051874,0.6588244055178964,0.3672636173577447
CELL_0132,-105.17567567567755,49.81081081081221,-105.00000000000192,50.08108108108251,-105.08783783780548,49.945804937647786,0.7039823612942856,0.1025765590023164,0.2499979282306344,0.7500020717693656,0.6157880384170829,0.3981991916607797
CELL_0133,-105.17567567567754,50.081081081082495,-105.00000000000192,50.351351351352754,-105.08783783780504,50.21607470266617,0.6492746966316117,0.1314981194542211,0.3202170458736977,0.6797829541263023,0.5741101076099742,0.4258865491386346
CELL_0134,-105.17567567567754,50.35135135135273,-105.00000000000192,50.62162162162302,-105.08783783780468,50.486344455199976,0.6026921384874576,0.1550138295446076,0.3792670106406269,0.620732989359373,0.5382485625593583,0.4483987463176514
CELL_0135,-105.17567567567752,50.62162162162302,-105.0000000000019,50.89189189189326,-105.08783783780426,50.75661419504319,0.598252301420737,0.1705244250698538,0.3937413213473231,0.6062586786526769,0.5392943921410952,0.4632474403815856
CELL_0136,-105.17567567567752,50.89189189189325,-105.00000000000188,51.00000000000136,-105.08783783784568,50.945955260264746,0.7280274631946935,0.1749413638186417,0.2758528378112477,0.7241471621887523,0.6627263158194777,0.4674758900289981
